ID2,Latitude,Longitude,Elevation,TopographicWetnessIndex,RelativeSlopePosition,AnnualGlobalSolarRadiation,DepthFewRoots,DepthNoRoots,RelativeYieldCV,RelativeYieldMean,HasSoilDescription
1,46.77872900102268,-117.08751399999728,781.48643,5.70231,0.070712,1860.944336,,,0.29323882480863067,0.8129126136132537,0
2,46.778691632030224,-117.08706455043719,782.43932,6.43378,0.079845,1833.973389,,,0.2207574176323211,0.7622871445979886,0
3,46.77879100102537,-117.08667800000025,784.93625,5.602043,0.139886,1871.270264,98.0,153.0,0.17213320724440678,0.9261749100913845,1
4,46.778761001018935,-117.08626000000152,786.42902,5.865278,0.176579,1873.524658,,,0.11623948668824247,0.9650772656067688,0
5,46.77866600102665,-117.08584199999783,786.51237,5.538609,0.173804,1853.676514,97.0,97.0,0.145872058006489,1.0515448015252433,1
6,46.77877321025278,-117.08541874519892,788.86724,5.384809,0.240149,1867.129761,,,0.14035556112150316,0.9449184125536669,0
7,46.77863200102642,-117.08500599999726,787.45926,7.231078,0.193289,1837.804688,100.0,153.0,0.17360913665570363,0.9611254757886681,1
8,46.77872100102458,-117.08458800000076,789.37377,5.817064,0.25001,1845.146606,,,0.12928486551596247,0.8994488056199681,0
9,46.778674001023624,-117.08416999999936,790.38151,5.772049,0.280168,1839.738281,103.0,153.0,0.16793769870998798,1.0126813412256157,1
10,46.778737001021355,-117.08375199999682,791.06429,5.968001,0.301439,1834.046875,,,0.1966163209024912,0.8238868325313154,0
11,46.7786580010233,-117.08333399999913,791.7791,5.405498,0.32503,1833.761963,153.0,153.0,0.3463749335687857,0.9432226532214559,1
12,46.77873107677735,-117.08293983817022,790.10768,5.464325,0.274552,1868.415649,,,0.2015611403477045,0.8753935227244225,0
13,46.77876400102563,-117.08249800000463,789.8916,4.893497,0.26973,1930.155518,48.0,153.0,0.3146600157343053,0.7904588713068471,1
14,46.77868863599479,-117.0816321595189,786.32811,12.372137,0.16381,1741.893433,,,0.2659435396114048,0.8616833149180287,0
15,46.77870700102554,-117.08124400000453,787.90394,4.727349,0.214043,1619.081543,64.0,64.0,0.19060697198491158,0.9197324577368116,1
16,46.778826001025564,-117.08040800000407,792.63767,4.957756,0.364053,1628.832275,,,0.2176746071489103,1.1784966087325346,0
17,46.77879700102244,-117.07998999999907,794.40577,4.532107,0.419281,1581.11023,65.0,153.0,0.1480977440368902,1.4751182407873853,1
18,46.7789517373865,-117.08888011980027,773.50774,9.546829,0.0,1732.685425,,,0.1734218021642982,0.9050483976513641,0
19,46.77882662026398,-117.08846626321277,775.17401,4.903562,0.0,1722.267212,64.0,110.0,0.32894376669083103,0.7865800392854787,1
20,46.778867001026,-117.08806400000168,780.12205,4.762335,0.072063,1772.25061,,,0.3346290937126113,0.8632319195776015,0
21,46.77884200102199,-117.08764599999786,783.79064,5.103765,0.143377,1851.171631,114.0,153.0,0.2092477411489086,1.0312898847793357,1
22,46.779015001024526,-117.08722800000714,787.11091,5.43619,0.223658,1838.644898,,,0.1563804940924872,0.8702951071707382,0
23,46.77900277981173,-117.08683096836735,787.07119,5.591133,0.20831,1857.45398,59.0,153.0,0.11967611324795922,0.9706519221298988,1
24,46.77907700102243,-117.08639199999817,789.83481,5.34757,0.282593,1831.977783,,,0.2594883086234061,0.8766022098947509,0
25,46.77904700102568,-117.08597400000161,790.02046,7.166647,0.282506,1809.005005,58.0,106.0,0.13721671055079965,1.0541850574195895,1
26,46.77895200101939,-117.08555600000317,791.24104,4.944853,0.314055,1840.253662,,,0.16669387518934042,1.163439762669499,0
27,46.77906282015732,-117.08511703761309,793.0763,4.895763,0.366497,1826.739502,96.0,153.0,0.1960569905494464,1.0722515703758486,1
28,46.778918001019214,-117.08472000000046,792.87005,5.041418,0.357993,1849.712158,,,0.16923917362247096,1.0451709628718007,0
29,46.77900700102105,-117.08430200000568,793.80699,4.913666,0.385732,1847.159668,92.0,137.0,0.15475492465292243,0.9359504050565816,1
30,46.77896000102163,-117.08388400000464,794.35491,4.949454,0.402801,1846.140259,,,0.21015284282544322,0.9427675723147997,0
31,46.77902300102438,-117.08346599999722,795.9365,4.921764,0.453144,1828.20166,88.0,153.0,0.18975935174171146,0.972930324772649,1
32,46.7789440010205,-117.08304799999878,795.15232,4.966191,0.430876,1862.006348,,,0.21977140277187415,1.0228794832210217,0
33,46.77901300102674,-117.08263000000113,796.61409,4.368066,0.478502,1877.192139,59.0,59.0,0.17277150008454253,0.5868606014933659,1
34,46.77905000102482,-117.08221199999544,794.41756,4.485952,0.412101,1830.298096,,,0.181958828051766,0.9415892875203938,0
35,46.77885200102648,-117.08179400000633,788.91865,5.899858,0.242956,1862.62561,45.0,87.0,0.17267504795991404,0.9308685199982907,1
36,46.77900736612355,-117.08140584057901,788.8892,6.69836,0.244216,1830.415771,,,0.22933672455842388,1.1919851438653446,0
37,46.77899300102514,-117.08095799999762,788.70196,11.38518,0.24089,1769.285156,69.0,98.0,0.2939651850017742,0.7475778291638591,1
38,46.77884900101816,-117.08054000000011,791.33848,5.108392,0.323713,1646.405762,,,0.1408326696511428,1.0553704306995488,0
39,46.77911200102652,-117.08012199999816,791.98829,9.134824,0.345465,1783.187012,54.0,78.0,0.1886808587219206,0.861359977776826,1
40,46.77908300102403,-117.07970400000312,793.52451,8.37352,0.393063,1696.946045,,,0.5148635840211592,0.5692071150088129,0
41,46.77904700101928,-117.07928600000673,796.05144,5.962174,0.470612,1678.926758,105.0,153.0,0.17932416970937484,1.1583153165607112,1
42,46.77911338071858,-117.08870618752239,773.67316,8.481665,0.0,1730.615967,,,0.1832151365232026,1.1129311366064356,0
43,46.77915300101901,-117.08831800000553,775.49358,5.242783,0.001273,1652.63501,68.0,119.0,0.3011409486522095,1.1012602022758302,1
44,46.77912800102582,-117.08790000000225,783.34147,4.24412,0.147891,1613.824219,,,0.1319585332946172,0.8032188676554202,0
45,46.77928832933849,-117.08746351328749,786.6435,4.387249,0.221492,1608.224243,131.0,131.0,0.15445158368505907,0.7907842727235892,1
46,46.77927800102402,-117.08706400000133,789.98356,4.858953,0.303842,1781.502686,,,0.2377807873586086,0.9124858410354426,0
47,46.77936300102523,-117.08664599999709,791.21381,6.088719,0.330188,1767.866699,53.0,124.0,0.08398803173747504,1.0703275859807588,1
48,46.779333001021534,-117.08622800000366,791.51097,5.984022,0.331873,1756.303955,,,0.11542011555128864,1.1238985348068997,0
49,46.77923800102054,-117.08581000000353,791.48959,6.099691,0.32356,1749.429565,71.0,153.0,0.11721496281676728,1.1388654247782657,1
50,46.779321227778425,-117.08533552848378,792.74848,5.216999,0.356237,1694.278687,,,0.20458055725360216,1.0390402294519498,0
51,46.77919681234803,-117.0849635131284,794.08642,4.881091,0.394759,1706.118652,93.0,131.0,0.22706680267695648,1.015886658454952,1
52,46.779293001021166,-117.08455600000421,793.82088,5.148471,0.381825,1640.488037,,,0.16498070966744927,1.1147330951289356,0
53,46.779246001024674,-117.08413800000488,795.17926,4.919003,0.425303,1667.218262,84.0,122.0,0.23995310260875338,1.1028370581450115,1
54,46.779309001024835,-117.08372000000635,795.1908,4.74243,0.425754,1595.283936,,,0.14785954222463735,1.095576391149536,0
55,46.779230001025475,-117.08330200000303,797.07129,4.587139,0.488193,1696.221436,122.0,153.0,0.13600733879264354,1.0157167012592367,1
56,46.77931127778716,-117.08290190849362,797.2676,4.728354,0.496636,1635.591797,,,0.1518980526380685,1.1707181200004484,0
57,46.779336001025655,-117.08246600000186,797.64254,5.060669,0.511169,1708.118042,114.0,153.0,0.15782810075079368,0.9725391283348221,1
58,46.77913800101975,-117.08204799999758,794.11226,5.199297,0.403345,1817.184814,,,0.15860611820266599,0.9893848561927586,0
59,46.779252442834974,-117.08160014682892,792.08949,6.246658,0.343363,1813.256348,107.0,153.0,0.19844895320536118,1.0538818177790863,1
60,46.77927900102156,-117.08121199999873,790.87792,7.565942,0.30767,1825.628906,,,0.1694755479479475,1.0977450794209482,0
61,46.779135001022304,-117.08079400000462,790.36432,7.197428,0.293206,1821.526245,52.0,100.0,0.26640195760094404,1.0833058102670217,1
62,46.779418467138896,-117.08039988336847,793.68026,6.728713,0.397902,1839.650269,,,0.1952178560731809,1.1575285138032754,0
63,46.77936900102668,-117.07995799999695,793.85516,7.081496,0.40379,1818.359619,67.0,153.0,0.09194268671761305,1.2181605847701527,1
64,46.77933300102429,-117.07954000000169,795.61973,7.473852,0.458102,1820.497559,,,0.11176164763424794,1.1206915418932375,0
65,46.77925400102197,-117.07912199999477,797.06989,8.515064,0.501771,1707.572388,94.0,128.0,0.19343969468512678,1.251277579925924,1
66,46.77928646339434,-117.07873384588419,799.46418,7.225202,0.574011,1690.502808,,,0.1449092753842125,1.173935800962094,0
67,46.77927100101888,-117.07828600000164,804.03872,3.950007,0.712317,1618.774658,59.0,153.0,0.22819329278563613,0.9795872929526842,1
68,46.7794390010198,-117.08823100000458,774.87256,6.046613,0.0,1670.975342,,,0.1971353437343811,0.957684185669113,0
69,46.7794140010249,-117.08781300000264,778.64898,5.31374,0.030703,1589.315674,76.0,91.0,0.17539422938746788,0.9017111103388564,1
70,46.77958700102571,-117.08739500000026,784.64181,4.531689,0.158878,1520.068726,,,0.2754151444436374,0.9513748285256168,0
71,46.77956400101863,-117.08697699999824,790.42089,4.539953,0.31378,1650.75061,73.0,153.0,0.21282100349882,0.906638729826532,1
72,46.77964900102159,-117.08655900000242,791.22631,5.629881,0.329728,1694.343018,,,0.15507006830010833,1.0934521331720568,0
73,46.77963696849656,-117.08617245559954,791.44488,5.692563,0.328479,1725.174194,85.0,153.0,0.12837447704874008,1.0516012206595415,1
74,46.779509631656964,-117.08569155033034,791.41823,6.257706,0.31752,1698.128174,,,0.17545870015299775,1.1631499337429143,0
75,46.77964200101921,-117.08530500000029,790.40308,5.954749,0.276201,1642.137695,72.0,153.0,0.1422505470275202,1.0782675045528598,1
76,46.7794900010247,-117.08488699999921,792.04606,5.749048,0.324533,1647.592895,,,0.19963384450742624,1.1161977121632305,0
77,46.779579001024224,-117.0844690000068,791.34085,5.675958,0.296951,1619.779541,96.0,153.0,0.13304095165930505,1.1105719038529154,1
78,46.77953200101814,-117.08405100000479,792.01037,5.309834,0.320113,1579.786865,,,0.18073458191925867,1.072687118795749,0
79,46.77959500102118,-117.08363299999755,790.7642,5.418297,0.281551,1552.694336,74.0,118.0,0.1805046857369959,0.9249443798449117,1
80,46.779516001022834,-117.08321500000358,793.58309,4.994373,0.37606,1545.471313,,,0.1279254367930512,1.0659591079812059,0
81,46.779585001019775,-117.08279699999851,794.14302,5.200638,0.399049,1576.755005,71.0,153.0,0.11634324538648591,1.0158396120504989,1
82,46.779622001020755,-117.08237900000391,795.97144,4.861983,0.459901,1629.165405,,,0.2161547652451697,1.1059276365149708,0
83,46.77942400102188,-117.08196100000332,795.41893,5.286548,0.445111,1792.411499,116.0,153.0,0.2232262365615782,0.9282368342731279,1
84,46.77956300102359,-117.08154300000304,795.10364,6.067307,0.437794,1807.606567,,,0.2749236534340011,0.9646618600471255,0
85,46.77956500101966,-117.08112500000223,794.67836,6.573989,0.426444,1832.799072,90.0,153.0,0.1339898167869399,1.1163698752045068,1
86,46.779421001024716,-117.08070700000383,793.16645,6.800393,0.381158,1837.329102,,,0.19548353027893073,1.1036227289829161,0
87,46.77968400102237,-117.0802889999944,797.28665,6.389533,0.510671,1839.657105,74.0,153.0,0.19349348147942003,0.9612858383261627,1
88,46.7796550010204,-117.07987100000196,798.41238,6.326686,0.545718,1846.028564,,,0.13620027260355552,1.036869641504584,0
89,46.77960671544094,-117.07944701867758,798.47755,6.606171,0.546584,1840.08374,112.0,153.0,0.12033639820966785,1.0252113180961955,1
90,46.779540001024586,-117.07903500000195,798.64754,7.010489,0.550261,1831.541748,,,0.14213874057596343,1.088057354531327,0
91,46.77955200102494,-117.0786169999976,800.72532,8.204573,0.611827,1800.650391,86.0,153.0,0.23581930135101228,1.1702851034457342,1
92,46.77955700102374,-117.07819899999582,803.48149,7.507425,0.694423,1778.184082,,,0.13206477953783358,1.3675359065218078,0
93,46.779494001021874,-117.07778100000587,807.90827,4.624018,0.827603,1655.298584,54.0,153.0,0.23596796619389185,0.8754278763232162,1
94,46.779658001019584,-117.07736299999466,812.01347,4.444515,0.944378,1664.862915,,,0.2265389307262329,0.7296994353396813,0
95,46.7797168211018,-117.0880730425438,774.66967,7.760214,0.0,1712.621582,31.0,94.0,0.24006419544246424,0.8197538004139812,1
96,46.77970000102484,-117.08766300000228,779.35803,5.21943,0.038645,1588.566894,,,0.2579698668051864,0.8749000723499659,0
97,46.779873001026864,-117.08724500000609,781.75264,4.978904,0.079001,1519.347656,52.0,135.0,0.27415899543506433,0.8324613969952874,1
98,46.77985000102186,-117.0868270000029,787.55302,5.273765,0.228799,1537.63562,,,0.160470533721875,1.0101846791704665,0
99,46.779935001021464,-117.08640899999496,790.2424,4.909111,0.300903,1656.609985,106.0,153.0,0.16324761264619733,1.0539056048610316,1
100,46.77990500101876,-117.08599100000292,790.956,5.952644,0.311509,1715.803223,,,0.3009450694399163,1.1286684709997443,0
101,46.77981000102529,-117.08557300000022,790.10417,7.772982,0.275114,1695.519043,103.0,132.0,0.15740668634812063,1.1367800931072622,1
102,46.779928001022185,-117.08515500000097,788.3656,6.815614,0.205777,1657.622681,,,0.1424852772951312,0.9515946909321199,0
103,46.7797760010183,-117.0847370000023,789.63455,6.33719,0.240754,1655.748413,59.0,128.0,0.19056920215970286,0.9745027545866123,1
104,46.77988297285482,-117.08434521729102,788.65984,6.342302,0.204443,1648.947754,,,0.17630102163236186,1.0163348585222964,0
105,46.779818001020466,-117.08390099999761,788.61976,6.894076,0.20732,1666.61731,20.0,90.0,0.30406177562641673,0.8493385161087676,1
106,46.77988100102125,-117.08348299999984,787.84616,6.190187,0.186503,1626.508545,,,0.22832347771708203,0.9444185343472092,0
107,46.77980200101883,-117.08306500000262,790.17416,5.986621,0.270123,1602.509521,65.0,135.0,0.2970870471410824,0.6388552546173388,1
108,46.77987100102221,-117.08264700000353,791.75015,5.953065,0.325435,1614.719116,,,0.19746644373435726,1.0185437412419702,0
109,46.779879766154906,-117.08219347622689,794.43229,5.420026,0.413342,1656.706665,100.0,100.0,0.19486626415920225,1.1861545003157532,1
110,46.77967045146464,-117.08175330907534,795.97493,5.665245,0.464379,1794.768555,,,0.15118752056786133,0.8795875443699679,0
111,46.77984900102093,-117.08139300000535,797.45395,5.068015,0.511986,1829.026611,113.0,132.0,0.15995719009118153,0.7835145086964193,1
112,46.779851001026834,-117.08097499999963,798.00956,5.549281,0.531409,1854.620606,,,0.09794145323630614,0.929133128004769,0
113,46.779690627313805,-117.08053908579693,796.54713,6.40557,0.487111,1841.87207,88.0,124.0,0.12974189692658716,0.9495025184649819,1
114,46.77997000102541,-117.08013900000395,800.88477,6.082327,0.622987,1852.462524,,,0.21009994799769016,0.7238881345317039,0
115,46.77992462718727,-117.07970308597861,802.23909,5.940961,0.664613,1856.628906,87.0,130.0,0.2058413376226176,0.8091821236758937,1
116,46.779905001025085,-117.07930300000693,802.09807,6.156828,0.658362,1849.033081,,,0.15759957741738437,1.0225350786757412,0
117,46.779826001019714,-117.07888500000614,803.58354,6.435161,0.700036,1835.636719,118.0,153.0,0.14833072799280647,1.0913049173297629,1
118,46.77983800102041,-117.07846699999533,805.09826,6.233661,0.743257,1830.855469,,,0.26496559729055147,1.1177101429437466,0
119,46.7798266350497,-117.0780191599871,806.49696,6.360154,0.78433,1823.835693,63.0,153.0,0.1375875546521208,1.174602070014424,1
120,46.779780001022154,-117.07763099999524,808.84997,5.442405,0.853709,1746.130249,,,0.18900699110053285,1.0126497662696998,0
121,46.77994400102152,-117.07721300000188,811.62003,4.352314,0.935767,1670.9198,,,0.24135151729608464,0.5142591876809917,0
122,46.77998600102316,-117.0876990000053,775.59142,6.761157,0.0,1696.824219,,,0.2331334619856939,0.9725247385137958,0
123,46.780159001021815,-117.0872809999952,777.56402,6.48648,0.000265,1652.991211,97.0,122.0,0.2265065290170369,1.038595739797195,1
124,46.78013600102326,-117.08686300000319,783.38339,4.869468,0.116934,1545.210449,,,0.21344484152964452,0.8991814580942061,0
125,46.78022100102389,-117.08644500000065,786.99045,4.845404,0.21204,1551.738281,45.0,112.0,0.08013048895792795,1.0927480237713403,1
126,46.7801838163782,-117.08601127492992,789.20558,5.370398,0.263712,1652.176269,,,0.3484044580646795,0.922751727089346,0
127,46.7800888163282,-117.08559327501236,789.09303,6.082421,0.244637,1704.946533,50.0,153.0,0.18933250737069335,1.0912314643681944,1
128,46.78021400102288,-117.08519100000338,786.88841,7.915747,0.162535,1713.433594,,,0.2373704926186997,1.0227805325496637,0
129,46.78006200102293,-117.08477299999444,787.49994,6.675607,0.167935,1650.7323,37.0,153.0,0.16298209152111176,0.9512307657362937,1
130,46.78015100101973,-117.084355,786.39281,6.598763,0.125326,1649.116577,,,0.3155132790467536,0.7922002835581468,0
131,46.78010400102459,-117.08393700000592,785.4342,7.462462,0.097138,1620.349731,75.0,100.0,0.2405055711530286,0.9330395504003003,1
132,46.780167001018526,-117.08351899999869,785.24054,6.988595,0.10049,1643.71814,,,0.2137671511065187,0.9153285872595369,0
133,46.78008800102537,-117.08310100000111,786.21054,7.723865,0.142072,1644.183472,95.0,153.0,0.4594620267475776,1.0202095003988314,1
134,46.78015700102161,-117.0826829999966,789.55224,6.926371,0.257335,1740.817383,,,0.18557573868950347,0.9579657989591046,0
135,46.780194001025116,-117.08226500000417,791.79687,5.457155,0.332209,1644.420532,114.0,153.0,0.15743590683026143,0.986608239349732,1
136,46.779996001025395,-117.08184700000054,796.55165,4.85465,0.482124,1691.128906,,,0.16836539245025356,1.1146062527477643,0
137,46.780147273768776,-117.08145287173868,798.32072,4.722677,0.539312,1667.125122,76.0,123.0,0.18693043688590416,1.0039143611733627,1
138,46.780137001021494,-117.08101100000735,800.78645,4.8076,0.617252,1786.066773,,,0.22949026318856047,1.0522216786697693,0
139,46.779993001020294,-117.08059299999753,799.78146,5.375471,0.587458,1868.239258,75.0,125.0,0.19921545827039186,0.746891520555918,1
140,46.780256001024725,-117.08017500000112,804.87263,5.231658,0.746348,1861.045166,,,0.18181163496586178,0.741182838772451,0
141,46.78022700102292,-117.07975700000506,805.8886,5.424448,0.778404,1862.032227,54.0,100.0,0.17575104934742736,0.7661936005641612,1
142,46.78019100102029,-117.07933900000059,807.1254,5.450209,0.816658,1858.184814,,,0.10342572919197343,0.9064766980251884,0
143,46.78010382020986,-117.07890309813182,806.5341,5.664093,0.793089,1865.304443,42.0,101.0,0.16475215354313608,0.8700925993186169,1
144,46.7801240010206,-117.07850299999723,807.62423,5.73116,0.819876,1851.059814,,,0.11282004152740822,0.8427596385064744,0
145,46.780129001025166,-117.07808499999919,809.42597,5.596015,0.869593,1847.24585,32.0,125.0,0.14265775079505694,0.8486026717368821,1
146,46.78006600102689,-117.07766699999833,810.57072,5.243762,0.90587,1814.587524,,,0.26750696277678665,0.7438516871379793,0
147,46.78023000102337,-117.07724899999799,809.8432,4.693294,0.885962,1672.207031,48.0,85.0,0.33826382133325106,0.5627429511522967,1
148,46.780004001021396,-117.07683099999667,804.1992,4.887796,0.714932,1546.855225,,,0.1824126578508488,1.1025103996581898,0
149,46.78042200102673,-117.08710299999959,777.84304,6.155998,0.001789,1661.57666,90.0,153.0,0.20462582603706472,1.1896250792547232,1
150,46.78050700102656,-117.08668499999581,780.12395,5.798998,0.042244,1626.151856,,,0.28625421537788803,0.9376741315817574,0
151,46.780455443251945,-117.08622506234202,784.40291,5.178886,0.142751,1578.395996,78.0,153.0,0.13069567596275583,1.0654183268569424,1
152,46.78037121813405,-117.08583326918172,787.98457,5.451385,0.22597,1646.413086,,,0.27656743570063513,1.115639909451017,0
153,46.78050000101819,-117.08543099999457,787.16615,4.867376,0.178845,1657.241455,120.0,153.0,0.21323258104859194,1.0606465945464016,1
154,46.7803480010202,-117.08501300000374,785.60383,8.958674,0.113254,1676.242188,,,0.21251641954191336,1.0137928409827366,0
155,46.78043700102502,-117.08459499999967,784.9038,6.51943,0.079167,1669.075195,49.0,98.0,0.17743860420853164,0.7671896645037348,1
156,46.78039000102665,-117.08417700000633,783.47629,7.161056,0.02581,1661.42041,,,0.2949488608574449,0.973545068534429,0
157,46.78045300102088,-117.08375900000476,783.1708,10.340117,0.02253,1720.461792,89.0,89.0,0.25926933201242297,0.7368159548276116,1
158,46.780374001026104,-117.08334099999651,785.93704,4.728409,0.132707,1746.872437,,,0.2391154029205611,0.7598818206176067,0
159,46.78044300102234,-117.08292299999815,789.30084,4.005352,0.247101,1709.631104,57.0,127.0,0.17564089195873436,0.839609905667014,1
160,46.78048000101844,-117.08250500000041,789.52486,4.24829,0.260212,1533.167481,,,0.22234605665958468,0.8349775304980398,0
161,46.780282001023004,-117.08208700000667,790.96468,5.744184,0.307699,1568.273682,103.0,122.0,0.2693911711245188,1.110966373724443,1
162,46.78040872831888,-117.08164512808385,792.66681,5.271703,0.363256,1562.320068,,,0.25942577641953735,1.028815544845335,0
163,46.78042300101895,-117.08125099999985,796.8419,4.91751,0.494312,1583.672363,122.0,153.0,0.23642460935153004,0.9538993260057315,1
164,46.78027900101937,-117.08083300000449,802.95028,4.538209,0.685049,1730.875,,,0.1816276526888297,0.8710359878682328,0
165,46.78054200102314,-117.080415,805.35064,4.567345,0.759251,1626.880615,96.0,153.0,0.2447795182245271,0.9699977309045479,1
166,46.78051300102622,-117.07999700000614,808.50072,4.693932,0.857538,1794.783081,,,0.20516573549529266,0.85225222373204,0
167,46.78047700101982,-117.07957899999899,810.27998,4.625368,0.914475,1840.411255,81.0,153.0,0.17293008348337685,0.8023623644286867,1
168,46.78039800102211,-117.07916100000034,809.93141,5.056565,0.905772,1860.518677,,,0.13149524053170877,0.8625750702261153,0
169,46.78041000102136,-117.07874299999948,811.19077,4.831871,0.932381,1867.716675,56.0,153.0,0.28093086279991675,0.9321237349992176,1
170,46.78041500102012,-117.07832499999782,812.25548,4.743848,0.953826,1854.726074,,,0.2620920855115107,0.721217493153234,0
171,46.78035200101943,-117.07790700000515,812.32049,4.856355,0.950191,1851.749634,82.0,153.0,0.1530785911189509,0.7709453458501523,1
172,46.78051600102017,-117.07748900000142,813.39,4.105012,0.990449,1748.124145,,,0.26157294266932446,0.7331168513480963,0
173,46.780290001023914,-117.0770710000034,807.25037,4.799661,0.808423,1672.852417,53.0,53.0,0.14592473150301236,0.8579921716363813,1
174,46.780414001018336,-117.07665300000482,798.96801,6.255396,0.558828,1672.92273,,,0.12208789423513784,1.1117055561828717,0
175,46.78070800102306,-117.08687899999964,777.24057,7.31079,0.0,1706.307739,69.0,110.0,0.25887156863992916,1.0940957593749645,1
176,46.780800969857545,-117.08647677946803,779.56239,5.70468,0.028765,1643.502441,,,0.2639351537855522,1.0887170925043264,0
177,46.780763001021384,-117.08604300000437,782.5407,4.915942,0.085193,1531.009521,123.0,123.0,0.23019390239769955,1.0553343862073046,1
178,46.78066800102458,-117.08562500000122,785.41376,4.689125,0.140781,1554.459473,,,0.14856839917537573,1.2424530867727035,0
179,46.78078600102208,-117.08520700000177,782.82807,5.33631,0.042268,1578.804565,68.0,153.0,0.2673880103130317,1.1674528157341444,1
180,46.78063400102345,-117.08478899999893,782.87998,7.931755,0.027245,1651.088623,,,0.22285189232400726,0.6852606396327807,0
181,46.780723001024384,-117.08437100000695,782.59512,9.476251,0.010291,1738.918457,75.0,109.0,0.210538692462056,0.8918908998231836,1
182,46.78065692357002,-117.08392119332618,783.03546,10.360376,0.020803,1767.619141,,,0.2350019707692762,0.8237588822580357,0
183,46.78073900102073,-117.08353499999944,784.36259,7.800053,0.08517,1798.756958,89.0,153.0,0.24437237543819948,1.0814513086839888,1
184,46.78066000102156,-117.08311700000448,785.04902,9.583561,0.113149,1673.88916,,,0.3128341834374355,1.0411914664225006,0
185,46.780729001023964,-117.08269899999621,785.63683,12.626961,0.13878,1737.55603,62.0,127.0,0.33204887966328,1.0116122134723293,1
186,46.780766001018826,-117.0822810000031,786.51063,10.800831,0.170621,1751.916626,,,0.3003229023355734,1.004072603121751,0
187,46.78056800102505,-117.08186300000446,789.27142,5.686534,0.257821,1629.415771,22.0,94.0,0.2915706681679531,0.5967747851271258,1
188,46.78070700101816,-117.08144500000691,790.7154,5.402474,0.3047,1532.2229,,,0.16052747905952622,0.8145047690093277,0
189,46.780709001024164,-117.08102700000461,794.82197,5.260359,0.432864,1485.307251,116.0,116.0,0.12265990391622976,1.1461609603337408,1
190,46.7805650010235,-117.08060900000348,802.32856,4.640737,0.665548,1576.393433,,,0.15334906663606473,1.09584636978986,0
191,46.780828001023636,-117.08019099999795,804.97005,5.206304,0.746207,1605.48352,55.0,129.0,0.16898414987338178,1.0677050856867347,1
192,46.78079900101983,-117.07977300000697,809.7201,4.888593,0.89308,1657.165771,,,0.1862453738239272,0.9217725510874171,0
193,46.780763001024894,-117.07935500000538,811.73756,4.589816,0.958012,1657.057739,82.0,122.0,0.12704171679979545,1.0246932402259692,1
194,46.78066353460133,-117.07891311662934,812.66075,4.773118,0.988426,1681.754394,,,0.2487229056780063,0.8950267093356977,0
195,46.78069600102212,-117.0785189999963,812.92161,4.255499,0.983565,1631.533691,92.0,114.0,0.17376351846952462,0.9631639796796627,1
196,46.78070100102127,-117.07810100000079,812.66854,4.800138,0.967568,1566.818237,,,0.14144635223462174,1.0383431174692281,0
197,46.78063800102442,-117.07768299999447,812.53964,4.308584,0.964659,1555.393188,120.0,120.0,0.250138092542494,0.8365962957039468,1
198,46.78080200102653,-117.07726500000663,809.00999,4.09874,0.862107,1628.828613,,,0.2604695936397964,0.8766805415115052,0
199,46.78057600102436,-117.0768470000018,801.72212,5.351138,0.642073,1698.87854,85.0,85.0,0.19276755778243462,1.161479946146292,1
200,46.7810531041289,-117.08662619511259,777.48677,8.608656,0.0,1749.106689,,,0.31658140463614476,0.8196283902329811,0
201,46.78104900101982,-117.08624199999605,778.39879,6.720566,0.002377,1689.268555,23.0,95.0,0.2869386616600062,0.7334536754784684,1
202,46.780954001025414,-117.08582399999621,780.13933,12.230056,0.0,1660.466797,,,0.29082501067255695,0.987733333011284,0
203,46.7810720010237,-117.08540600000046,782.08984,5.112013,0.036487,1849.76477,17.0,153.0,0.19444747483801617,0.8219801617872857,1
204,46.78092000102132,-117.084988,781.60366,14.157762,0.0,1746.487183,,,0.24033296954551953,1.0296646157243992,0
205,46.7810090010245,-117.0845699999964,782.32847,7.301276,0.022363,1802.840576,84.0,84.0,0.31422264219976276,1.0737363113047655,1
206,46.780962001020185,-117.08415199999891,783.64861,5.856217,0.059803,1810.678467,,,0.22959388354183768,1.0078183510104248,0
207,46.78103937859421,-117.08375497412317,785.69607,7.413548,0.13366,1838.81543,70.0,135.0,0.17939851492024236,1.0469116239765925,1
208,46.78094600102684,-117.08331599999822,786.12282,5.436714,0.150726,1845.19165,,,0.19978128678055382,0.7899901546854105,0
209,46.78101500102347,-117.0828979999961,788.0966,4.680262,0.217146,1887.672852,20.0,48.0,0.15300699561532702,0.9199591129105995,1
210,46.78105200102319,-117.08247999999585,787.76629,7.196136,0.209559,1844.051025,,,0.1854106488303513,1.100415947272898,0
211,46.78085400101896,-117.08206200000018,787.07444,9.017386,0.189416,1786.232178,93.0,126.0,0.3093663733033728,1.0814347790220422,1
212,46.78099300102081,-117.08164400000526,788.79206,6.768814,0.245056,1821.866699,,,0.2907272791697194,1.0633604631608398,0
213,46.78099500102441,-117.08122599999759,789.71586,9.529011,0.275324,1770.700684,86.0,117.0,0.3242698742532002,1.2656952301972086,1
214,46.78085100101959,-117.08080800000229,794.88658,5.044813,0.435392,1453.579712,,,0.25203464162114786,1.064887105213707,0
215,46.78111806407675,-117.0804377133795,797.57947,5.63238,0.518247,1608.39209,88.0,153.0,0.21273656773324004,1.062946107024412,1
216,46.78108500102662,-117.07997200000571,804.15446,5.563883,0.719664,1650.539185,,,0.2437036678839438,1.0449550120984443,0
217,46.78104900102217,-117.0795540000026,808.33873,5.102017,0.847622,1641.479981,17.0,119.0,0.2968826796032264,1.0438820006434937,1
218,46.780970001021714,-117.07913600000109,810.11323,5.325496,0.901225,1630.057861,,,0.14072779814441347,1.1344775945398526,0
219,46.7809820010181,-117.07871799999579,809.46387,5.582726,0.878946,1622.646484,44.0,153.0,0.15544577292833667,1.131998952432502,1
220,46.78098700102369,-117.078300000006,808.42796,5.431855,0.845412,1578.392822,,,0.1884679265024304,1.121314661392862,0
221,46.78092400101866,-117.0778820000033,807.66333,5.455618,0.821513,1567.785156,28.0,153.0,0.13058883082261474,1.1301129923215474,1
222,46.781088001019285,-117.07746400000546,804.39722,5.456205,0.72348,1551.742432,,,0.12012003402659391,1.10487749311239,0
223,46.78086200102609,-117.07704600000518,804.78717,4.078937,0.734974,1698.022949,17.0,91.0,0.16127701102476769,0.9154946365146382,1
224,46.780986001024395,-117.07662800000426,797.74784,5.086631,0.522451,1641.753418,,,0.20608043037047227,0.9366567141198588,0
225,46.781365001025726,-117.08629499999776,778.20955,9.956264,0.0,1742.216309,16.0,61.0,0.4407871042081631,0.8544750765862258,1
226,46.78132061990907,-117.08586126317898,780.07899,5.078803,0.024413,1700.051758,,,0.17859366337118068,1.1028005032629808,0
227,46.781222029446795,-117.0854327816843,784.90429,4.358179,0.133473,1859.050537,21.0,121.0,0.20044664944452825,0.8080935491965591,1
228,46.781358001018205,-117.08504099999955,788.95963,4.123615,0.250683,1858.664551,,,0.3870491579023626,0.5311583662278712,0
229,46.78120600102214,-117.08462300000416,784.78696,6.141471,0.109564,1888.185303,24.0,153.0,0.2119979670533735,1.019217765776574,1
230,46.78129500101944,-117.08420500000298,788.57501,4.602201,0.228905,1860.268921,,,0.13704281221988615,0.9137346540256166,0
231,46.78124800102513,-117.08378699999597,788.1817,5.109734,0.216213,1852.458252,107.0,153.0,0.19124952277813512,0.8079225563570929,1
232,46.78127044330993,-117.08328225489855,789.47554,6.489603,0.260696,1771.635498,,,0.19102163167221092,0.9126176166245289,0
233,46.78123200102087,-117.08295099999988,790.82853,4.75812,0.302828,1822.144287,100.0,100.0,0.19339788240579872,1.0133444449329223,1
234,46.78130100102162,-117.08253300000429,791.50637,5.983047,0.326649,1846.228882,,,0.540610884964507,1.2612524865548373,0
235,46.781338001018085,-117.08211500000385,791.77861,6.329433,0.336403,1829.148071,41.0,153.0,0.16252403849455152,1.008377774898686,1
236,46.78114000102256,-117.08169699999625,789.75902,6.364331,0.275083,1843.892578,,,0.1953182573440797,1.0319661491805039,0
237,46.781263476141085,-117.08124366991402,792.85795,6.101799,0.37207,1867.068848,116.0,153.0,0.22768180178510125,0.9295417870853437,1
238,46.7812810010181,-117.08086099999946,793.04941,6.837162,0.378446,1841.413818,,,0.12565536207746109,1.2278452377233708,0
239,46.78115337893035,-117.08045495122909,797.57947,5.63238,0.518247,1608.39209,69.0,128.0,0.1941194997066389,1.053520472101294,1
240,46.78144636077861,-117.08011052759768,802.09299,5.447623,0.655607,1756.384766,,,0.3147827773182354,0.7499700564992725,0
241,46.781371001020666,-117.07960700000467,805.9485,5.313791,0.77302,1670.74292,56.0,97.0,0.2659880980798379,1.1208244310160136,1
242,46.78133500102568,-117.07918899999638,806.93986,5.99294,0.80285,1655.568115,,,0.18510287212898935,1.149277775223747,0
243,46.78125600101886,-117.07877100000488,806.91598,5.92303,0.801506,1626.640137,85.0,128.0,0.1906432516806576,1.1583077724434756,1
244,46.781292555963994,-117.07838881623576,803.50849,5.778028,0.697426,1532.138672,,,0.2455177727764277,1.1784791895941502,0
245,46.78127300102627,-117.07793500000122,801.37823,5.835485,0.632534,1509.754394,65.0,153.0,0.20490715938320553,1.0393304546026305,1
246,46.781210001023084,-117.07751700000532,802.84238,5.507244,0.676654,1530.315186,,,0.10961115415380798,1.143217625331024,0
247,46.78137400102303,-117.07709900000137,798.84794,4.69022,0.556098,1510.525757,50.0,83.0,0.13222197028749558,1.1141116502807902,1
248,46.781164375330334,-117.07669891350764,798.19622,4.723619,0.536167,1610.055054,,,0.2513135663337233,1.3478743906350477,0
249,46.781526001019856,-117.085864,779.23279,5.731462,0.004139,1683.895142,76.0,127.0,0.2516645572200123,1.0896240305707128,1
250,46.78164400102604,-117.08544600000258,782.31458,4.639962,0.068579,1564.589356,,,0.18841248538175093,1.1565210612634726,0
251,46.78149200102263,-117.08502800000613,789.89681,4.46216,0.280734,1798.691773,35.0,69.0,0.38558692025506114,0.7295749388297035,1
252,46.78155583667526,-117.08457853252722,791.00018,4.575633,0.310625,1821.5177,,,0.23102710100919224,0.7956386074474329,0
253,46.78153400102073,-117.08419199999919,791.68859,4.570053,0.330153,1768.181763,17.0,124.0,0.27952839797394896,0.8833631484922913,1
254,46.781597001020344,-117.08377400000576,790.24024,7.066482,0.285871,1754.400269,,,0.18761192294083362,1.0968915994250905,0
255,46.781518001023464,-117.0833560000013,790.11216,6.172278,0.281824,1808.051514,136.0,153.0,0.13321327021835677,1.0241393226670485,1
256,46.781587001023894,-117.082938,793.36503,6.143263,0.384072,1798.471924,,,0.32517013697681035,1.0268951522444025,0
257,46.78162400102165,-117.0825200000022,795.59463,5.470675,0.45376,1818.830811,60.0,95.0,0.1998913497410561,0.965818268492414,1
258,46.781426001021025,-117.08210200000202,792.72033,6.19277,0.365637,1837.913086,,,0.18913566134619056,0.9787223706644417,0
259,46.78156500101968,-117.08168399999502,796.0814,5.612252,0.470031,1864.828125,79.0,122.0,0.2511049430334954,0.9916233515722475,1
260,46.7815670010248,-117.08126600000287,796.98399,5.070022,0.498343,1862.81311,,,0.19555314243828714,1.0299166114128109,0
261,46.78142300101819,-117.0808480000046,794.77354,6.258095,0.431456,1852.890137,60.0,91.0,0.1622254248020006,1.0668345629059692,1
262,46.781686001023246,-117.08043000000379,801.2579,4.836276,0.629761,1843.381714,,,0.11682222657345334,0.942624358816619,0
263,46.781657001023234,-117.080012000003,803.46179,5.302449,0.697003,1721.396973,18.0,125.0,0.18252801821623985,0.9487271780923094,1
264,46.78162100102414,-117.07959399999982,804.58005,5.597537,0.73101,1646.8125,,,0.222443950293255,1.084922503196461,0
265,46.781533820252285,-117.0791580976246,804.7154,5.629346,0.734805,1643.007568,30.0,128.0,0.2962969850327559,1.0964986245608779,1
266,46.7815540010213,-117.07875799999664,803.21344,5.693501,0.688774,1690.895752,,,0.1992234930249935,0.9833880162261222,0
267,46.781559001019154,-117.07833999999839,800.08599,6.35443,0.593722,1761.358154,71.0,153.0,0.18085602695241962,1.1409315399499302,1
268,46.78149600102221,-117.07792200000148,797.53769,7.242601,0.516402,1564.058106,,,0.2315863450855862,1.1522949160635143,0
269,46.78166000102613,-117.07750399999725,793.63627,8.097138,0.398485,1610.849121,29.0,55.0,0.3137700452825088,1.0276776001646086,1
270,46.78143400102135,-117.0770859999977,798.84794,4.69022,0.556098,1510.525757,,,0.16954783761360348,1.214910183439501,0
271,46.781558001017984,-117.07666799999949,795.21301,4.693729,0.446351,1635.048706,30.0,93.0,0.2271819889725442,1.0020668169100957,1
272,46.781812001020555,-117.08558999999705,779.56862,6.985462,0.0,1717.814697,,,0.3203654416049261,0.9565728094306847,0
273,46.78193000101877,-117.08517200000516,784.1183,5.376837,0.110103,1638.066406,47.0,47.0,0.28597215460401154,0.9060160032864333,1
274,46.78177800102105,-117.08475400000643,790.26839,4.436235,0.291489,1606.375977,,,0.21216007302145443,1.1008492215340449,0
275,46.78187778025211,-117.08435696899473,790.41791,5.313198,0.294314,1642.067017,24.0,153.0,0.09718585969728004,1.299363610687559,1
276,46.78182000102206,-117.08391799999757,791.01807,6.362683,0.312321,1749.776367,,,0.13730750048596893,1.02459950133888,0
277,46.7818830010255,-117.0835,791.69043,6.965098,0.333149,1788.065186,89.0,89.0,0.26713892354125707,0.7580415827478626,1
278,46.78180400102164,-117.08308200000337,793.6308,6.222338,0.393098,1760.791992,,,0.12763439273497917,1.0447088655185865,0
279,46.78185936767227,-117.0826500763843,796.18133,5.738643,0.472006,1776.996948,116.0,153.0,0.15753097411880626,1.0695538558357403,1
280,46.781910001019476,-117.0822460000056,798.211,5.614014,0.534797,1768.099854,,,0.19172530631970017,1.110707008017764,0
281,46.78170481581104,-117.08181227504305,797.10636,5.43569,0.50128,1856.890137,55.0,127.0,0.176813632199662,0.9622630320489232,1
282,46.78185100102554,-117.08140999999728,800.05095,5.407626,0.591942,1810.345703,,,0.17001677874373267,0.9929624747283148,0
283,46.78185300101958,-117.08099199999558,800.41248,5.187931,0.603338,1846.070435,105.0,105.0,0.2134203779106156,1.009502226115428,1
284,46.78170900101827,-117.08057400000695,800.39106,4.851213,0.603235,1858.368774,,,0.21323655727155696,0.8867904623016296,0
285,46.78197200102603,-117.08015599999749,802.14926,5.691321,0.656649,1678.20874,21.0,153.0,0.1469971596489758,1.0332235309224413,1
286,46.78194300102551,-117.0797380000001,801.77561,6.125391,0.64529,1650.363159,,,0.17788762262409719,1.1623915205098108,0
287,46.78190700102626,-117.07931999999651,801.2015,6.145649,0.627817,1619.321167,60.0,99.0,0.17361001083849611,1.168134507613477,1
288,46.78180208545271,-117.07886618635777,801.26879,5.875806,0.629818,1616.249268,,,0.24036056860383836,1.0966997494570017,0
289,46.781840001022864,-117.07848400000653,799.96116,5.085548,0.590106,1584.859619,44.0,112.0,0.33187102372939614,1.0194251819096158,1
290,46.78184500101849,-117.07806599999665,796.88926,4.189477,0.497007,1509.813477,,,0.17845920190241876,1.041462247267969,0
291,46.78178200102276,-117.07764800000513,793.83637,7.580817,0.404561,1647.01062,49.0,85.0,0.1755722726323054,0.8846171415057824,1
292,46.78194600102542,-117.07722999999591,791.71711,8.131754,0.340622,1693.412598,,,0.2935972019090469,0.995026649149559,0
293,46.7817200010211,-117.07681200000228,793.71333,4.920618,0.401065,1626.705078,79.0,117.0,0.16609977998681472,0.9397789586509151,1
297,46.78209800102601,-117.08553600000211,780.48772,5.682426,0.007405,1722.699341,70.0,153.0,0.21211854968607338,0.7683676796296199,0
298,46.78221600101887,-117.08511799999837,782.88052,5.714722,0.071217,1650.737549,,,0.21613901251394982,1.0720931415988133,1
299,46.782064001020366,-117.08470000000688,786.51728,5.889342,0.178353,1623.261841,104.0,153.0,0.2905917932087991,1.1294477865967925,0
300,46.78215300102395,-117.08428200000486,788.11355,6.260431,0.225614,1659.307617,,,0.12097812148903146,1.171458670649086,1
301,46.78210600102041,-117.08386399999657,791.29203,6.044626,0.32236,1712.517822,61.0,123.0,0.1457491863858834,1.054277447267071,0
302,46.78215461957971,-117.08343026358007,793.31372,5.792485,0.384284,1737.637939,,,0.1272515452191862,1.143186360224444,1
303,46.78207921774711,-117.08301226924861,794.97342,6.391704,0.435294,1754.307129,78.0,120.0,0.15475551184600547,0.9686912115811223,0
304,46.78215900102302,-117.08261000000685,796.59196,6.891579,0.485234,1733.725586,,,0.16558147057183373,0.9166615547573914,1
305,46.78219600102461,-117.08219199999574,798.20222,5.96506,0.534735,1709.837646,101.0,127.0,0.07075262805590353,1.0433257694501108,0
306,46.78199800102457,-117.08177400000419,799.96649,5.493647,0.58893,1757.779419,,,0.2338678638711715,1.0977985080545516,1
307,46.78213700102579,-117.08135599999451,801.47287,5.305012,0.635339,1726.953003,83.0,114.0,0.20091433797154581,1.0736340038275098,0
308,46.78213900102032,-117.08093800000442,801.99083,5.126271,0.651381,1705.943115,,,0.21308361560194786,1.0400273241049474,1
309,46.78197702464153,-117.08049902100093,802.3725,5.84728,0.663365,1730.673706,64.0,153.0,0.20636805015500048,1.0501900949452514,0
310,46.78225800102195,-117.08010200000699,799.55828,5.996031,0.577542,1640.834473,,,0.1857491292160698,1.1026850228485052,1
311,46.78222900102349,-117.07968399999959,799.1754,6.258163,0.566072,1625.227783,76.0,113.0,0.2005175174924947,1.122278937412088,0
312,46.78221345910505,-117.07930181125742,798.00543,6.204861,0.530641,1584.48291,,,0.2610375472842217,1.0465368252299427,1
313,46.78211400102444,-117.0788480000063,797.59765,5.681698,0.51841,1532.978638,58.0,89.0,0.1757663204368931,1.166690351933122,0
314,46.78212600101877,-117.07843000000486,794.5496,5.143773,0.426053,1454.034668,,,0.19787005641273817,0.825569073528454,1
315,46.78214736698842,-117.07804184129492,790.77132,6.333615,0.311675,1631.763184,59.0,153.0,0.31544303737677964,1.2656928431160435,0
316,46.78206800102279,-117.07759399999648,790.93107,11.739177,0.316689,1700.794922,,,0.23786833922251727,1.028926372938035,1
323,46.78249247576862,-117.08513522074556,780.84908,7.057088,0.007923,1679.532959,107.0,135.0,0.2730826275679272,1.0004172945197245,0
324,46.78235000101935,-117.08475100000591,783.54887,6.269413,0.088418,1631.015381,,,0.23212397166902046,0.9228818966282107,1
325,46.78243900102457,-117.0843329999973,785.36817,5.725208,0.143202,1595.524902,43.0,153.0,0.17832349636393238,1.097077652146084,0
326,46.78239200102046,-117.08391499999708,789.30718,6.042759,0.26278,1663.446777,,,0.08376168487885632,1.1949542980599888,1
327,46.78245500102428,-117.08349699999779,791.91028,5.802805,0.342392,1684.560303,48.0,153.0,0.10528786747748736,1.0876736950644033,0
328,46.782376001026,-117.08307900000527,794.80419,6.221089,0.430677,1703.232056,,,0.1674595139126067,1.0724086030365292,1
329,46.78243781592042,-117.08264527472498,795.90552,5.910881,0.46459,1683.31897,88.0,125.0,0.10673630893244555,1.0867157441796262,0
330,46.782482001026544,-117.08224300000487,797.38373,5.70488,0.509909,1677.429932,,,0.13371256273318816,1.0597027938184351,1
331,46.782284001024536,-117.08182499999559,799.41428,5.925856,0.572082,1698.787231,34.0,109.0,0.1707576485274344,0.9570693408561437,0
332,46.78242300102489,-117.08140700000067,800.0899,5.970812,0.592957,1682.524414,,,0.22316493436840423,0.9360724391003985,1
333,46.78242500102542,-117.08098899999976,800.52808,5.883962,0.606561,1671.671997,78.0,153.0,0.17414736023995075,1.0686999195415046,0
334,46.78228100101826,-117.08057100000482,800.70602,5.830134,0.612305,1667.265259,,,0.19231573914179087,1.1196028800809177,1
335,46.7825440010243,-117.08015299999842,796.90791,6.11439,0.496843,1620.325317,46.0,120.0,0.1667791881886093,1.0354401058520255,0
336,46.78251500102439,-117.07973500000313,796.05113,6.192761,0.47103,1597.871338,,,0.15362703307948303,1.155661314082352,1
337,46.78247900102643,-117.07931700000188,793.29633,5.999771,0.387551,1492.456177,107.0,153.0,0.37414510808130863,0.8483678269854179,0
338,46.78239454914413,-117.07889104753103,791.86064,5.989604,0.3442,1460.493042,,,0.17755750350798122,1.0714332649408398,1
348,46.78263600102016,-117.08461700000652,781.56055,7.281907,0.027921,1665.214356,,,0.192173758482757,1.1555605815779924,0
349,46.78272500102625,-117.08419900000095,782.89659,6.492656,0.06827,1641.45813,41.0,153.0,0.34994803903585103,1.0641337600283969,1
350,46.782678001020905,-117.08378099999958,788.45521,5.678217,0.23737,1611.916016,,,0.12639746850351918,1.1138633326872682,0
351,46.78274100102689,-117.08336300000215,791.13868,6.223603,0.319245,1683.81543,120.0,153.0,0.23171141578724658,0.9570477340287795,1
352,46.78264762710115,-117.08291878734438,794.02085,6.03261,0.407152,1669.772705,,,0.08971913221758454,1.0916580656727173,0
353,46.78273100102559,-117.08252699999737,794.5905,6.229642,0.424705,1655.233643,74.0,153.0,0.09130739339542604,1.125438824754142,1
354,46.78276800102594,-117.08210899999632,795.63892,5.993582,0.456862,1635.648193,,,0.11463964041704998,1.0277215955273675,0
355,46.78257000102127,-117.08169100000576,798.13809,5.952251,0.533263,1646.130371,53.0,112.0,0.08979616881976939,1.1653951821532742,1
356,46.782709001020024,-117.08127299999495,797.04835,5.743965,0.500314,1612.898193,,,0.27914281300811405,1.0033545610757442,0
357,46.78271100102581,-117.08085500000271,796.80415,5.68485,0.493238,1599.83313,24.0,128.0,0.2645381737488801,1.0682501609039003,1
358,46.78255607771816,-117.0804140770034,797.90443,5.866301,0.527004,1627.747803,,,0.1904563676223059,1.0649735994944296,0
359,46.78283000102045,-117.08001899999616,792.53729,5.760399,0.364001,1540.206055,74.0,103.0,0.2067643113819846,0.992853317856314,1
360,46.7828010010184,-117.07960099999447,788.80834,6.430619,0.250978,1592.689331,,,0.20178088858473373,0.8905645550449172,0
371,46.782965967602465,-117.0842298328192,782.1112,6.852352,0.044523,1683.675781,,,0.4268523024423074,1.0332591798774935,1
372,46.78296400101844,-117.08379799999946,785.41572,5.567655,0.144961,1581.56665,,,0.26963730506775374,1.0947778197061337,0
373,46.78302700102018,-117.08337999999654,788.5619,5.648859,0.240831,1572.652588,,,0.10331132219535735,1.113306935704064,1
374,46.782948001025126,-117.08296200000458,791.57909,6.262977,0.332806,1643.2146,,,0.16186854705807555,1.1173635516347293,0
375,46.78300621768671,-117.0825282690712,791.9723,5.954154,0.344952,1598.642578,,,0.16418737120463667,1.0802703297912164,1
376,46.783054001023594,-117.08212600000057,792.46892,6.088457,0.360271,1587.123413,,,0.1486469994200768,1.0827057074070978,0
377,46.78282132372579,-117.08165033023155,795.51811,6.021722,0.453432,1617.534546,,,0.2380686253990166,1.1009907687599525,1
378,46.78299500101844,-117.0812900000072,793.794,5.849004,0.401191,1589.253662,,,0.172307109178735,1.1064086780850353,0
379,46.782997001023055,-117.08087200000288,793.30912,5.857214,0.386736,1568.822388,,,0.23068121983237283,0.9955441937502781,1
380,46.7828530010257,-117.08045400000438,794.62599,5.717708,0.427231,1580.560547,,,0.23252195303930603,1.117580004075072,0
381,46.78311600101858,-117.08003599999608,787.68348,6.382019,0.216416,1613.667725,,,0.3061363569611035,0.8982666484794313,1
394,46.783125850543485,-117.08390984862464,782.39284,6.636723,0.053007,1664.602539,,,0.5880324723428352,1.2069364062397114,0
395,46.783313001023814,-117.08349800000067,783.14513,6.3579,0.075781,1622.767578,,,0.4585199657174693,1.1139905336203488,1
396,46.78323400102254,-117.08308000000615,788.23009,5.800767,0.230768,1549.449219,,,0.17158955778249976,0.9856827959256229,0
397,46.783303001018965,-117.08266199999834,787.86026,5.277262,0.21957,1522.261719,,,0.16876609125634212,0.8886951908545279,1
398,46.7833579695522,-117.08227545646749,786.48346,5.712867,0.177756,1543.408325,,,0.16933447248508626,0.9640514214514636,0
399,46.78314200102624,-117.0818259999964,791.59828,5.953938,0.333908,1547.743652,,,0.1503030123363999,1.0611946854944065,1
400,46.783281001026786,-117.08140799999515,788.60067,5.194532,0.242875,1459.86853,,,0.19784619948970691,0.8998290372037762,0
401,46.78328300102112,-117.08098999999554,788.09836,5.643818,0.227956,1477.683106,,,0.20475779100161617,0.9358550558761695,1
402,46.78313900102077,-117.0805719999961,790.71369,5.813044,0.308085,1556.140625,,,0.32440374835913843,0.9082405260307188,0
419,46.78345710419063,-117.08321056236771,783.36118,7.006778,0.082319,1626.670044,,,0.5657087195700451,1.1963415082325433,1
420,46.783515325278806,-117.08277087325422,783.4297,7.822676,0.084445,1631.719971,,,0.269644548526154,1.018657777209766,0
421,46.78355231528618,-117.08236677699807,783.95631,8.074759,0.10064,1634.758179,,,0.3075169188088472,0.9082743683973811,1
422,46.783428001024674,-117.08193300000734,784.81321,6.86774,0.127012,1629.647461,,,0.2876716124226978,0.9158608980432549,0
423,46.78355263050729,-117.08148354908631,784.29571,8.597717,0.111718,1677.736816,,,0.24651747889819092,1.1203002210821258,1
424,46.783569001019764,-117.08109699999925,784.61569,9.079645,0.121904,1691.423706,,,0.38955466708431424,1.2268402712806619,0
425,46.78342500102128,-117.08067900000205,785.60186,7.06534,0.152395,1667.794556,,,0.34210837059342913,1.0152904639119036,1
